{
  "created_at": "2026-05-06T23:59:22.433307+00:00",
  "metadata": {},
  "results": [
    {
      "map50": 0.4835607648036019,
      "map50_95": 0.3071057713733572,
      "per_class": {
        "bicycle": 0.3299285104659028,
        "car": 0.5543343238214364,
        "motorcycle": 0.5141047504297487,
        "bus": 0.6701373603336493,
        "truck": 0.34929887896727263
      },
      "checkpoint": "/home/ayoub/research/stability_autolabel/outputs/method_c/vehicles_fold0_10pct/training/round_0001/round_0001/train/weights/best.pt",
      "round_id": 1,
      "n_images": 870,
      "speed_ms": 2.608974936589513
    }
  ]
}